Material,Part,Cabinets,Qty,Cut L,Cut W,T,Finished L,Finished W,Edge L1,Edge L2,Edge W1,Edge W2,Grain
HDF6-WHT,Back,B3,1,779,759.5,6,779,759.5,,,,,
HDF6-WHT,Back,B1,1,579,759.5,6,579,759.5,,,,,
HDF6-WHT,Back,"W1.1, W1.2",2,579,699,6,579,699,,,,,
HDF6-WHT,Back,B2,1,429,759.5,6,429,759.5,,,,,
PB18-WHT,Left side,"B1, B2, B3",3,870,559,18,870,560,,EB-WHT-1.0,,,
PB18-WHT,Right side,"B1, B2, B3",3,870,559,18,870,560,EB-WHT-1.0,,,,
PB18-WHT,Bottom,B3,1,764,559,18,764,560,EB-WHT-1.0,,,,
PB18-WHT,Door,B2,1,765,445,18,767,447,EB-WHT-1.0,EB-WHT-1.0,EB-WHT-1.0,EB-WHT-1.0,
PB18-WHT,Bottom,B1,1,580,559,18,580,560,EB-WHT-1.0,,,,
PB18-WHT,Left door,B3,1,765,395,18,767,397,EB-WHT-1.0,EB-WHT-1.0,EB-WHT-1.0,EB-WHT-1.0,
PB18-WHT,Right door,B3,1,765,395,18,767,397,EB-WHT-1.0,EB-WHT-1.0,EB-WHT-1.0,EB-WHT-1.0,
PB18-WHT,Shelf 1,B1,1,562,519.1,18,562,519.5,EB-WHT-0.4,,,,
PB18-WHT,Bottom,B2,1,430,559,18,430,560,EB-WHT-1.0,,,,
PB18-WHT,Left side,"W1.1, W1.2",2,720,319,18,720,320,,EB-WHT-1.0,,,
PB18-WHT,Right side,"W1.1, W1.2",2,720,319,18,720,320,EB-WHT-1.0,,,,
PB18-WHT,Left door,B1,1,765,295,18,767,297,EB-WHT-1.0,EB-WHT-1.0,EB-WHT-1.0,EB-WHT-1.0,
PB18-WHT,Right door,B1,1,765,295,18,767,297,EB-WHT-1.0,EB-WHT-1.0,EB-WHT-1.0,EB-WHT-1.0,
PB18-WHT,Shelf 1,B2,1,412,519.1,18,412,519.5,EB-WHT-0.4,,,,
PB18-WHT,Left door,"W1.1, W1.2",2,715,295,18,717,297,EB-WHT-1.0,EB-WHT-1.0,EB-WHT-1.0,EB-WHT-1.0,
PB18-WHT,Right door,"W1.1, W1.2",2,715,295,18,717,297,EB-WHT-1.0,EB-WHT-1.0,EB-WHT-1.0,EB-WHT-1.0,
PB18-WHT,Bottom,"W1.1, W1.2",2,580,319,18,580,320,EB-WHT-1.0,,,,
PB18-WHT,Top,"W1.1, W1.2",2,580,319,18,580,320,,EB-WHT-1.0,,,
PB18-WHT,Shelf 1,"W1.1, W1.2",2,562,279.1,18,562,279.5,EB-WHT-0.4,,,,
PB18-WHT,Shelf 2,"W1.1, W1.2",2,562,279.1,18,562,279.5,EB-WHT-0.4,,,,
PB18-WHT,Back rail,B3,1,764,100,18,764,100,,,,,
PB18-WHT,Front rail,B3,1,764,99,18,764,100,EB-WHT-1.0,,,,
PB18-WHT,Back rail,B1,1,564,100,18,564,100,,,,,
PB18-WHT,Front rail,B1,1,564,99,18,564,100,EB-WHT-1.0,,,,
PB18-WHT,Back rail,B2,1,414,100,18,414,100,,,,,
PB18-WHT,Front rail,B2,1,414,99,18,414,100,EB-WHT-1.0,,,,
